{"v":"5.12.1","fr":60,"ip":0,"op":300,"w":174,"h":80,"nm":"Frame 1009","ddd":0,"assets":[],"fonts":{"list":[{"fName":"Montserrat-Bold","fFamily":"Montserrat","fStyle":"Bold","ascent":74.1989135742188}]},"layers":[{"ddd":0,"ind":1,"ty":5,"nm":"Выбрать","sr":1,"ks":{"o":{"a":0,"k":100,"ix":11},"r":{"a":0,"k":0,"ix":10},"p":{"a":0,"k":[86.986,44.766,0],"ix":2,"l":2},"a":{"a":0,"k":[0,0,0],"ix":1,"l":2},"s":{"a":0,"k":[99.429,99.429,100],"ix":6,"l":2}},"ao":0,"t":{"d":{"k":[{"s":{"sz":[99.3318939208984,20],"ps":[-42.5,-10],"s":16,"f":"Montserrat-Bold","t":"ВЫБРАТЬ","ca":0,"j":0,"tr":0,"lh":1.25,"ls":0,"fc":[0.204,0.196,0.416]},"t":0}]},"p":{},"m":{"g":1,"a":{"a":0,"k":[0,0],"ix":2}},"a":[]},"ip":0,"op":300,"st":0,"ct":1,"bm":0},{"ddd":0,"ind":2,"ty":4,"nm":"Rectangle 184","sr":1,"ks":{"o":{"a":0,"k":100,"ix":11},"r":{"a":0,"k":0,"ix":10},"p":{"a":0,"k":[86.986,40.766,0],"ix":2,"l":2},"a":{"a":0,"k":[0,0,0],"ix":1,"l":2},"s":{"a":0,"k":[100,100,100],"ix":6,"l":2}},"ao":0,"shapes":[{"ty":"gr","it":[{"ty":"rc","d":1,"s":{"a":0,"k":[133,38],"ix":2},"p":{"a":0,"k":[0,0],"ix":3},"r":{"a":0,"k":0,"ix":4},"nm":"Rectangle Path 1","mn":"ADBE Vector Shape - Rect","hd":false},{"ty":"fl","c":{"a":0,"k":[1,1,1,0.699999988079],"ix":4},"o":{"a":0,"k":70,"ix":5},"r":1,"bm":0,"nm":"Fill 1","mn":"ADBE Vector Graphic - Fill","hd":false},{"ty":"tr","p":{"a":0,"k":[0,0],"ix":2},"a":{"a":0,"k":[0,0],"ix":1},"s":{"a":0,"k":[99.429,99.429],"ix":3},"r":{"a":0,"k":0,"ix":6},"o":{"a":0,"k":100,"ix":7},"sk":{"a":0,"k":0,"ix":4},"sa":{"a":0,"k":0,"ix":5},"nm":"Transform"}],"nm":"Rectangle 184","np":2,"cix":2,"bm":0,"ix":1,"mn":"ADBE Vector Group","hd":false}],"ip":0,"op":300,"st":0,"ct":1,"bm":0},{"ddd":0,"ind":3,"ty":3,"nm":"▨ Rectangle 184","parent":2,"sr":1,"ks":{"o":{"a":0,"k":100,"ix":11},"r":{"a":0,"k":0,"ix":10},"p":{"a":0,"k":[0,0,0],"ix":2,"l":2},"a":{"a":0,"k":[0,0,0],"ix":1,"l":2},"s":{"a":0,"k":[100,100,100],"ix":6,"l":2}},"ao":0,"ef":[{"ty":29,"nm":"Gaussian Blur","np":5,"mn":"ADBE Gaussian Blur 2","ix":1,"en":1,"ef":[{"ty":0,"nm":"Blurriness","mn":"ADBE Gaussian Blur 2-0001","ix":1,"v":{"a":0,"k":9.943,"ix":1}},{"ty":7,"nm":"Blur Dimensions","mn":"ADBE Gaussian Blur 2-0002","ix":2,"v":{"a":0,"k":1,"ix":2}},{"ty":7,"nm":"Repeat Edge Pixels","mn":"ADBE Gaussian Blur 2-0003","ix":3,"v":{"a":0,"k":0,"ix":3}}]}],"ip":0,"op":300,"st":0,"ct":1,"bm":0},{"ddd":0,"ind":4,"ty":3,"nm":"▽ Group 242","sr":1,"ks":{"o":{"a":0,"k":100,"ix":11},"r":{"a":0,"k":0,"ix":10},"p":{"a":0,"k":[87,40,0],"ix":2,"l":2},"a":{"a":0,"k":[87,40,0],"ix":1,"l":2},"s":{"a":0,"k":[100,100,100],"ix":6,"l":2}},"ao":0,"ip":0,"op":300,"st":0,"ct":1,"bm":0},{"ddd":0,"ind":5,"ty":3,"nm":"▽ Group 241","parent":4,"sr":1,"ks":{"o":{"a":0,"k":100,"ix":11},"r":{"a":0,"k":0,"ix":10},"p":{"a":0,"k":[87,40,0],"ix":2,"l":2},"a":{"a":0,"k":[87,40,0],"ix":1,"l":2},"s":{"a":0,"k":[100,100,100],"ix":6,"l":2}},"ao":0,"ip":0,"op":300,"st":0,"ct":1,"bm":0},{"ddd":0,"ind":6,"ty":4,"nm":"▨ Vector 2","parent":5,"td":1,"sr":1,"ks":{"o":{"a":0,"k":100,"ix":11},"r":{"a":0,"k":0,"ix":10},"p":{"a":0,"k":[87,40,0],"ix":2,"l":2},"a":{"a":0,"k":[0,0,0],"ix":1,"l":2},"s":{"a":0,"k":[100,100,100],"ix":6,"l":2}},"ao":0,"shapes":[{"ty":"gr","it":[{"ind":0,"ty":"sh","ix":1,"ks":{"a":0,"k":{"i":[[0,0],[0,-1.652],[-1.659,-0.009],[0,0],[0,0],[0,0],[-0.005,0],[0,1.656],[1.664,0],[0.005,0],[0,0],[-0.005,0],[0,1.656],[1.664,0],[0.005,0],[0,0],[-0.005,0],[0,1.656],[1.664,0],[0.005,0],[0,0],[0,5.889],[5.916,0],[0,0],[-0.005,0],[0,1.656],[1.664,0],[0.005,0],[0,0],[-0.005,0],[0,1.656],[1.664,0],[0.005,0],[0,0],[-0.005,0],[0,1.656],[1.664,0],[0.005,0],[0,0],[0,0],[0,0],[0,-1.652],[-1.659,-0.004],[0,0],[0,-1.652],[-1.659,-0.004],[0,0],[0,-1.652],[-1.659,-0.004],[0,0],[0,-5.889],[-5.916,0],[0,0],[0,-1.652],[-1.659,-0.004],[0,0],[0,-1.652],[-1.659,-0.004]],"o":[[-1.659,0.009],[0,1.647],[0,0],[0,0],[0,0],[0.005,0],[1.664,0],[0,-1.656],[-0.005,0],[0,0],[0.005,0],[1.664,0],[0,-1.656],[-0.005,0],[0,0],[0.005,0],[1.664,0],[0,-1.656],[-0.005,0],[0,0],[5.916,0],[0,-5.889],[0,0],[0.005,0],[1.664,0],[0,-1.656],[-0.005,0],[0,0],[0.005,0],[1.664,0],[0,-1.656],[-0.005,0],[0,0],[0.005,0],[1.664,0],[0,-1.656],[-0.005,0],[0,0],[0,0],[0,0],[-1.659,0.009],[0,1.652],[0,0],[-1.659,0.009],[0,1.652],[0,0],[-1.659,0.009],[0,1.652],[0,0],[-5.916,0],[0,5.889],[0,0],[-1.659,0.009],[0,1.652],[0,0],[-1.659,0.009],[0,1.652],[0,0]],"v":[[87,30.817],[84.002,33.815],[87,36.813],[87,40],[-87,40],[-87,36.813],[-86.986,36.813],[-83.975,33.815],[-86.986,30.817],[-87,30.817],[-87,28.236],[-86.986,28.236],[-83.975,25.238],[-86.986,22.24],[-87,22.24],[-87,19.641],[-86.986,19.641],[-83.975,16.643],[-86.986,13.645],[-87,13.645],[-87,10.682],[-76.291,0.022],[-87,-10.637],[-87,-13.959],[-86.986,-13.959],[-83.975,-16.957],[-86.986,-19.955],[-87,-19.955],[-87,-22.536],[-86.986,-22.536],[-83.975,-25.534],[-86.986,-28.532],[-87,-28.532],[-87,-31.131],[-86.986,-31.131],[-83.975,-34.129],[-86.986,-37.127],[-87,-37.127],[-87,-40],[87,-40],[87,-37.127],[84.002,-34.129],[87,-31.131],[87,-28.532],[84.002,-25.534],[87,-22.536],[87,-19.955],[84.002,-16.957],[87,-13.959],[87,-10.637],[76.291,0.022],[87,10.682],[87,13.645],[84.002,16.643],[87,19.641],[87,22.24],[84.002,25.238],[87,28.236]],"c":true},"ix":2},"nm":"Path 1","mn":"ADBE Vector Shape - Group","hd":false},{"ty":"gf","o":{"a":0,"k":100,"ix":10},"r":1,"bm":0,"g":{"p":9,"k":{"a":0,"k":[0,0.886,0.776,0.459,0.133,0.845,0.708,0.373,0.266,0.804,0.639,0.286,0.386,0.88,0.759,0.449,0.506,0.957,0.878,0.612,0.633,0.971,0.839,0.408,0.761,0.984,0.8,0.204,0.88,0.935,0.788,0.331,1,0.886,0.776,0.459],"ix":9}},"s":{"a":0,"k":[63.587,-63.291],"ix":5},"e":{"a":0,"k":[-63.588,63.303],"ix":6},"t":1,"nm":"Gradient Fill 1","mn":"ADBE Vector Graphic - G-Fill","hd":false},{"ty":"tr","p":{"a":0,"k":[0,0],"ix":2},"a":{"a":0,"k":[0,0],"ix":1},"s":{"a":0,"k":[100,100],"ix":3},"r":{"a":0,"k":0,"ix":6},"o":{"a":0,"k":100,"ix":7},"sk":{"a":0,"k":0,"ix":4},"sa":{"a":0,"k":0,"ix":5},"nm":"Transform"}],"nm":"Vector","np":2,"cix":2,"bm":0,"ix":1,"mn":"ADBE Vector Group","hd":false},{"ty":"fl","c":{"a":0,"k":[1,0,0,1],"ix":4},"o":{"a":0,"k":100,"ix":5},"r":1,"bm":0,"nm":"Fill 1","mn":"ADBE Vector Graphic - Fill","hd":false}],"ip":0,"op":300,"st":0,"ct":1,"bm":0},{"ddd":0,"ind":7,"ty":4,"nm":"Rectangle 299","parent":5,"tt":1,"tp":6,"sr":1,"ks":{"o":{"a":0,"k":100,"ix":11},"r":{"a":0,"k":0,"ix":10},"p":{"a":1,"k":[{"i":{"x":0.833,"y":0.833},"o":{"x":0.167,"y":0.167},"t":0,"s":[-19.63,37.257,0],"to":[37.5,0,0],"ti":[-41.083,0,0]},{"i":{"x":0.833,"y":0.833},"o":{"x":0.167,"y":0.167},"t":180,"s":[205.37,37.257,0],"to":[41.083,0,0],"ti":[-3.583,0,0]},{"t":239,"s":[226.87,37.257,0]}],"ix":2,"l":2},"a":{"a":0,"k":[0,0,0],"ix":1,"l":2},"s":{"a":0,"k":[100,100,100],"ix":6,"l":2}},"ao":0,"shapes":[{"ty":"gr","it":[{"ty":"rc","d":1,"s":{"a":0,"k":[204.394,35.366],"ix":2},"p":{"a":0,"k":[0,0],"ix":3},"r":{"a":0,"k":0,"ix":4},"nm":"Rectangle Path 1","mn":"ADBE Vector Shape - Rect","hd":false},{"ty":"gf","o":{"a":0,"k":100,"ix":10},"r":1,"bm":0,"g":{"p":9,"k":{"a":0,"k":[0,1,1,1,0.168,1,1,1,0.335,1,1,1,0.405,1,1,1,0.475,1,1,1,0.547,1,1,1,0.62,1,1,1,0.81,1,1,1,1,1,1,1,0,0,0.168,0.5,0.335,1,0.405,1,0.475,1,0.547,1,0.62,1,0.81,0.5,1,0,1,0,1,0],"ix":9}},"s":{"a":0,"k":[-101.331,-16.792],"ix":5},"e":{"a":0,"k":[-100.941,18.722],"ix":6},"t":1,"nm":"Gradient Fill 1","mn":"ADBE Vector Graphic - G-Fill","hd":false},{"ty":"tr","p":{"a":0,"k":[0,0],"ix":2},"a":{"a":0,"k":[0,0],"ix":1},"s":{"a":0,"k":[100,100],"ix":3},"r":{"a":0,"k":-54.4,"ix":6},"o":{"a":0,"k":100,"ix":7},"sk":{"a":0,"k":0,"ix":4},"sa":{"a":0,"k":0,"ix":5},"nm":"Transform"}],"nm":"Rectangle 299","np":2,"cix":2,"bm":0,"ix":1,"mn":"ADBE Vector Group","hd":false}],"ip":0,"op":300,"st":0,"ct":1,"bm":9},{"ddd":0,"ind":8,"ty":3,"nm":"▽ Group","parent":5,"sr":1,"ks":{"o":{"a":0,"k":100,"ix":11},"r":{"a":0,"k":0,"ix":10},"p":{"a":0,"k":[87,40,0],"ix":2,"l":2},"a":{"a":0,"k":[87,40,0],"ix":1,"l":2},"s":{"a":0,"k":[100,100,100],"ix":6,"l":2}},"ao":0,"ip":0,"op":300,"st":0,"ct":1,"bm":0},{"ddd":0,"ind":9,"ty":4,"nm":"Vector","parent":8,"sr":1,"ks":{"o":{"a":0,"k":100,"ix":11},"r":{"a":0,"k":0,"ix":10},"p":{"a":0,"k":[87,40,0],"ix":2,"l":2},"a":{"a":0,"k":[0,0,0],"ix":1,"l":2},"s":{"a":0,"k":[100,100,100],"ix":6,"l":2}},"ao":0,"shapes":[{"ty":"gr","it":[{"ind":0,"ty":"sh","ix":1,"ks":{"a":0,"k":{"i":[[0,0],[0,-1.652],[-1.659,-0.009],[0,0],[0,0],[0,0],[-0.005,0],[0,1.656],[1.664,0],[0.005,0],[0,0],[-0.005,0],[0,1.656],[1.664,0],[0.005,0],[0,0],[-0.005,0],[0,1.656],[1.664,0],[0.005,0],[0,0],[0,5.889],[5.916,0],[0,0],[-0.005,0],[0,1.656],[1.664,0],[0.005,0],[0,0],[-0.005,0],[0,1.656],[1.664,0],[0.005,0],[0,0],[-0.005,0],[0,1.656],[1.664,0],[0.005,0],[0,0],[0,0],[0,0],[0,-1.652],[-1.659,-0.004],[0,0],[0,-1.652],[-1.659,-0.004],[0,0],[0,-1.652],[-1.659,-0.004],[0,0],[0,-5.889],[-5.916,0],[0,0],[0,-1.652],[-1.659,-0.004],[0,0],[0,-1.652],[-1.659,-0.004]],"o":[[-1.659,0.009],[0,1.647],[0,0],[0,0],[0,0],[0.005,0],[1.664,0],[0,-1.656],[-0.005,0],[0,0],[0.005,0],[1.664,0],[0,-1.656],[-0.005,0],[0,0],[0.005,0],[1.664,0],[0,-1.656],[-0.005,0],[0,0],[5.916,0],[0,-5.889],[0,0],[0.005,0],[1.664,0],[0,-1.656],[-0.005,0],[0,0],[0.005,0],[1.664,0],[0,-1.656],[-0.005,0],[0,0],[0.005,0],[1.664,0],[0,-1.656],[-0.005,0],[0,0],[0,0],[0,0],[-1.659,0.009],[0,1.652],[0,0],[-1.659,0.009],[0,1.652],[0,0],[-1.659,0.009],[0,1.652],[0,0],[-5.916,0],[0,5.889],[0,0],[-1.659,0.009],[0,1.652],[0,0],[-1.659,0.009],[0,1.652],[0,0]],"v":[[87,30.817],[84.002,33.815],[87,36.813],[87,40],[-87,40],[-87,36.813],[-86.986,36.813],[-83.975,33.815],[-86.986,30.817],[-87,30.817],[-87,28.236],[-86.986,28.236],[-83.975,25.238],[-86.986,22.24],[-87,22.24],[-87,19.641],[-86.986,19.641],[-83.975,16.643],[-86.986,13.645],[-87,13.645],[-87,10.682],[-76.291,0.022],[-87,-10.637],[-87,-13.959],[-86.986,-13.959],[-83.975,-16.957],[-86.986,-19.955],[-87,-19.955],[-87,-22.536],[-86.986,-22.536],[-83.975,-25.534],[-86.986,-28.532],[-87,-28.532],[-87,-31.131],[-86.986,-31.131],[-83.975,-34.129],[-86.986,-37.127],[-87,-37.127],[-87,-40],[87,-40],[87,-37.127],[84.002,-34.129],[87,-31.131],[87,-28.532],[84.002,-25.534],[87,-22.536],[87,-19.955],[84.002,-16.957],[87,-13.959],[87,-10.637],[76.291,0.022],[87,10.682],[87,13.645],[84.002,16.643],[87,19.641],[87,22.24],[84.002,25.238],[87,28.236]],"c":true},"ix":2},"nm":"Path 1","mn":"ADBE Vector Shape - Group","hd":false},{"ty":"gf","o":{"a":0,"k":100,"ix":10},"r":1,"bm":0,"g":{"p":9,"k":{"a":0,"k":[0,0.886,0.776,0.459,0.133,0.845,0.708,0.373,0.266,0.804,0.639,0.286,0.386,0.88,0.759,0.449,0.506,0.957,0.878,0.612,0.633,0.971,0.839,0.408,0.761,0.984,0.8,0.204,0.88,0.935,0.788,0.331,1,0.886,0.776,0.459],"ix":9}},"s":{"a":0,"k":[63.587,-63.291],"ix":5},"e":{"a":0,"k":[-63.588,63.303],"ix":6},"t":1,"nm":"Gradient Fill 1","mn":"ADBE Vector Graphic - G-Fill","hd":false},{"ty":"tr","p":{"a":0,"k":[0,0],"ix":2},"a":{"a":0,"k":[0,0],"ix":1},"s":{"a":0,"k":[100,100],"ix":3},"r":{"a":0,"k":0,"ix":6},"o":{"a":0,"k":100,"ix":7},"sk":{"a":0,"k":0,"ix":4},"sa":{"a":0,"k":0,"ix":5},"nm":"Transform"}],"nm":"Vector","np":2,"cix":2,"bm":0,"ix":1,"mn":"ADBE Vector Group","hd":false}],"ip":0,"op":300,"st":0,"ct":1,"bm":0}],"markers":[],"props":{},"chars":[{"ch":"В","size":16,"style":"Bold","w":74.5,"data":{"shapes":[{"ty":"gr","it":[{"ind":0,"ty":"sh","ix":1,"ks":{"a":0,"k":{"i":[[4.266,1.267],[-1.734,2.634],[0,3.467],[4.533,3.134],[8.133,0],[0,0],[0,0],[0,0],[-4.7,3.467],[0,6.2],[2.266,2.867]],"o":[[3.133,-1.533],[1.733,-2.633],[0,-5.8],[-4.534,-3.133],[0,0],[0,0],[0,0],[8.733,0],[4.7,-3.466],[0,-4.2],[-2.267,-2.866]],"v":[[57.2,-36.5],[64.5,-42.75],[67.1,-51.9],[60.3,-65.3],[41.3,-70],[8.7,-70],[8.7,0],[43.2,0],[63.35,-5.2],[70.4,-19.7],[67,-30.3]],"c":true},"ix":2},"nm":"В","mn":"ADBE Vector Shape - Group","hd":false},{"ind":1,"ty":"sh","ix":2,"ks":{"a":0,"k":{"i":[[0,0],[0,0],[-1.834,-1.466],[0,-2.733],[1.8,-1.433],[3.533,0],[0,0]],"o":[[0,0],[3.466,0],[1.833,1.467],[0,2.8],[-1.8,1.434],[0,0],[0,0]],"v":[[24.8,-58],[39.9,-58],[47.85,-55.8],[50.6,-49.5],[47.9,-43.15],[39.9,-41],[24.8,-41]],"c":true},"ix":2},"nm":"В","mn":"ADBE Vector Shape - Group","hd":false},{"ind":2,"ty":"sh","ix":3,"ks":{"a":0,"k":{"i":[[7.6,0],[0,0],[0,0],[0,0],[0,-5.8]],"o":[[0,0],[0,0],[0,0],[7.6,0],[0,6]],"v":[[42.6,-12],[24.8,-12],[24.8,-29.7],[42.6,-29.7],[54,-21]],"c":true},"ix":2},"nm":"В","mn":"ADBE Vector Shape - Group","hd":false}],"nm":"В","np":6,"cix":2,"bm":0,"ix":1,"mn":"ADBE Vector Group","hd":false}]},"fFamily":"Montserrat"},{"ch":"Ы","size":16,"style":"Bold","w":102.8,"data":{"shapes":[{"ty":"gr","it":[{"ind":0,"ty":"sh","ix":1,"ks":{"a":0,"k":{"i":[[8.533,0],[0,0],[0,0],[0,0],[0,0],[0,0],[-5.034,4.167],[0,7.934],[4.566,3.8]],"o":[[0,0],[0,0],[0,0],[0,0],[0,0],[9.133,0],[5.033,-4.166],[0,-7.466],[-4.567,-3.8]],"v":[[42.6,-47],[24.8,-47],[24.8,-70],[8.7,-70],[8.7,0],[40.3,0],[61.55,-6.25],[69.1,-24.4],[62.25,-41.3]],"c":true},"ix":2},"nm":"Ы","mn":"ADBE Vector Shape - Group","hd":false},{"ind":1,"ty":"sh","ix":2,"ks":{"a":0,"k":{"i":[[4.2,0],[0,0],[0,0],[0,0],[0,-7.266],[2.366,-2.066]],"o":[[0,0],[0,0],[0,0],[8.933,0],[0,3.934],[-2.367,2.067]],"v":[[39.4,-12],[24.8,-12],[24.8,-35],[39.4,-35],[52.8,-24.1],[49.25,-15.1]],"c":true},"ix":2},"nm":"Ы","mn":"ADBE Vector Shape - Group","hd":false},{"ind":2,"ty":"sh","ix":3,"ks":{"a":0,"k":{"i":[[0,0],[0,0],[0,0],[0,0]],"o":[[0,0],[0,0],[0,0],[0,0]],"v":[[78,0],[94.1,0],[94.1,-70],[78,-70]],"c":true},"ix":2},"nm":"Ы","mn":"ADBE Vector Shape - Group","hd":false}],"nm":"Ы","np":6,"cix":2,"bm":0,"ix":1,"mn":"ADBE Vector Group","hd":false}]},"fFamily":"Montserrat"},{"ch":"Б","size":16,"style":"Bold","w":73.8,"data":{"shapes":[{"ty":"gr","it":[{"ind":0,"ty":"sh","ix":1,"ks":{"a":0,"k":{"i":[[0,0],[0,0],[-4.934,3.867],[0,7],[4.433,3.534],[8.466,0],[0,0],[0,0],[0,0],[0,0],[0,0]],"o":[[0,0],[9,0],[4.933,-3.866],[0,-6.666],[-4.434,-3.533],[0,0],[0,0],[0,0],[0,0],[0,0],[0,0]],"v":[[8.7,0],[41.9,0],[62.8,-5.8],[70.2,-22.1],[63.55,-37.4],[44.2,-42.7],[24.8,-42.7],[24.8,-57.1],[65.2,-57.1],[65.2,-70],[8.7,-70]],"c":true},"ix":2},"nm":"Б","mn":"ADBE Vector Shape - Group","hd":false},{"ind":1,"ty":"sh","ix":2,"ks":{"a":0,"k":{"i":[[0,0],[0,0],[0,0],[0,-6.133],[2.2,-1.633],[4.133,0]],"o":[[0,0],[0,0],[8.533,0],[0,3.134],[-2.2,1.634],[0,0]],"v":[[24.8,-12],[24.8,-30.8],[41,-30.8],[53.8,-21.6],[50.5,-14.45],[41,-12]],"c":true},"ix":2},"nm":"Б","mn":"ADBE Vector Shape - Group","hd":false}],"nm":"Б","np":5,"cix":2,"bm":0,"ix":1,"mn":"ADBE Vector Group","hd":false}]},"fFamily":"Montserrat"},{"ch":"Р","size":16,"style":"Bold","w":71.4,"data":{"shapes":[{"ty":"gr","it":[{"ind":0,"ty":"sh","ix":1,"ks":{"a":0,"k":{"i":[[6.2,0],[0,0],[0,0],[0,0],[0,0],[0,0],[-4.567,2.034],[-2.467,3.834],[0,5.134],[2.466,3.8],[4.566,2.067]],"o":[[0,0],[0,0],[0,0],[0,0],[0,0],[6.2,0],[4.566,-2.033],[2.466,-3.833],[0,-5.2],[-2.467,-3.8],[-4.567,-2.066]],"v":[[39,-70],[8.7,-70],[8.7,0],[24.9,0],[24.9,-19.3],[39,-19.3],[55.15,-22.35],[65.7,-31.15],[69.4,-44.6],[65.7,-58.1],[55.15,-66.9]],"c":true},"ix":2},"nm":"Р","mn":"ADBE Vector Shape - Group","hd":false},{"ind":1,"ty":"sh","ix":2,"ks":{"a":0,"k":{"i":[[4.866,0],[0,0],[0,0],[0,0],[-2.534,-2.1],[0,-3.933],[2.533,-2.1]],"o":[[0,0],[0,0],[0,0],[4.866,0],[2.533,2.1],[0,3.867],[-2.534,2.1]],"v":[[38.1,-32.5],[24.9,-32.5],[24.9,-56.8],[38.1,-56.8],[49.2,-53.65],[53,-44.6],[49.2,-35.65]],"c":true},"ix":2},"nm":"Р","mn":"ADBE Vector Shape - Group","hd":false}],"nm":"Р","np":5,"cix":2,"bm":0,"ix":1,"mn":"ADBE Vector Group","hd":false}]},"fFamily":"Montserrat"},{"ch":"А","size":16,"style":"Bold","w":82.2,"data":{"shapes":[{"ty":"gr","it":[{"ind":0,"ty":"sh","ix":1,"ks":{"a":0,"k":{"i":[[0,0],[0,0],[0,0],[0,0],[0,0],[0,0],[0,0],[0,0]],"o":[[0,0],[0,0],[0,0],[0,0],[0,0],[0,0],[0,0],[0,0]],"v":[[62.3,0],[79.3,0],[48,-70],[32,-70],[0.8,0],[17.4,0],[23.6,-15],[56.1,-15]],"c":true},"ix":2},"nm":"А","mn":"ADBE Vector Shape - Group","hd":false},{"ind":1,"ty":"sh","ix":2,"ks":{"a":0,"k":{"i":[[0,0],[0,0],[0,0]],"o":[[0,0],[0,0],[0,0]],"v":[[28.8,-27.3],[39.9,-54.1],[51,-27.3]],"c":true},"ix":2},"nm":"А","mn":"ADBE Vector Shape - Group","hd":false}],"nm":"А","np":5,"cix":2,"bm":0,"ix":1,"mn":"ADBE Vector Group","hd":false}]},"fFamily":"Montserrat"},{"ch":"Т","size":16,"style":"Bold","w":64.7,"data":{"shapes":[{"ty":"gr","it":[{"ind":0,"ty":"sh","ix":1,"ks":{"a":0,"k":{"i":[[0,0],[0,0],[0,0],[0,0],[0,0],[0,0],[0,0],[0,0]],"o":[[0,0],[0,0],[0,0],[0,0],[0,0],[0,0],[0,0],[0,0]],"v":[[62.2,-70],[1.5,-70],[1.5,-56.8],[23.8,-56.8],[23.8,0],[39.8,0],[39.8,-56.8],[62.2,-56.8]],"c":true},"ix":2},"nm":"Т","mn":"ADBE Vector Shape - Group","hd":false}],"nm":"Т","np":3,"cix":2,"bm":0,"ix":1,"mn":"ADBE Vector Group","hd":false}]},"fFamily":"Montserrat"},{"ch":"Ь","size":16,"style":"Bold","w":72.1,"data":{"shapes":[{"ty":"gr","it":[{"ind":0,"ty":"sh","ix":1,"ks":{"a":0,"k":{"i":[[8.533,0],[0,0],[0,0],[0,0],[0,0],[0,0],[-5.034,4.167],[0,7.934],[4.566,3.8]],"o":[[0,0],[0,0],[0,0],[0,0],[0,0],[9.133,0],[5.033,-4.166],[0,-7.466],[-4.567,-3.8]],"v":[[42.6,-47],[24.8,-47],[24.8,-70],[8.7,-70],[8.7,0],[40.3,0],[61.55,-6.25],[69.1,-24.4],[62.25,-41.3]],"c":true},"ix":2},"nm":"Ь","mn":"ADBE Vector Shape - Group","hd":false},{"ind":1,"ty":"sh","ix":2,"ks":{"a":0,"k":{"i":[[4.2,0],[0,0],[0,0],[0,0],[0,-7.266],[2.366,-2.066]],"o":[[0,0],[0,0],[0,0],[8.933,0],[0,3.934],[-2.367,2.067]],"v":[[39.4,-12],[24.8,-12],[24.8,-35],[39.4,-35],[52.8,-24.1],[49.25,-15.1]],"c":true},"ix":2},"nm":"Ь","mn":"ADBE Vector Shape - Group","hd":false}],"nm":"Ь","np":5,"cix":2,"bm":0,"ix":1,"mn":"ADBE Vector Group","hd":false}]},"fFamily":"Montserrat"}]}